{"cameraMode":{"drawMode":0,"name":"Shaded","section":"Shading Mode"},"sceneLighting":true,"audioPlay":false,"sceneViewState":{"showFog":true,"showMaterialUpdate":true,"showSkybox":true,"showFlares":true,"showImageEffects":true,"showParticleSystems":true},"in2DMode":false,"pivot":{"x":22.03292465209961,"y":-4.877043724060059,"z":44.46378707885742},"rotation":{"x":0.07509378343820572,"y":0.8098949790000916,"z":-0.10628665238618851,"w":0.5720732808113098},"size":26.060911178588868,"orthographic":false}