{"cameraMode":{"drawMode":0,"name":"Shaded","section":"Shading Mode"},"sceneLighting":true,"audioPlay":false,"sceneViewState":{"showFog":true,"showMaterialUpdate":true,"showSkybox":true,"showFlares":true,"showImageEffects":true,"showParticleSystems":true},"in2DMode":false,"pivot":{"x":10.671133041381836,"y":-2.907457113265991,"z":17.94607925415039},"rotation":{"x":0.08277836441993714,"y":0.24587073922157288,"z":-0.021018730476498605,"w":0.9656383991241455},"size":13.50767707824707,"orthographic":false}